frequency,magnitude,phase
1.000000000000000056e-01,-4.342944707063011845e-08,-5.729577932209638930e-03
1.013925407558815134e-01,-4.464741581092135122e-08,-5.809364639512578331e-03
1.028044732093309210e-01,-4.589953910177418765e-08,-5.890262409209479945e-03
1.042360673976401725e-01,-4.718677934202022097e-08,-5.972286713296034479e-03
1.056875971184804280e-01,-4.851012111002393299e-08,-6.055453239221724598e-03
1.071593399822671072e-01,-4.987057502099256401e-08,-6.139777892890126328e-03
1.086515774652538069e-01,-5.126918158428612172e-08,-6.225276801700959164e-03
1.101645949633656418e-01,-5.270701216774485698e-08,-6.311966317634508557e-03
1.116986818467823189e-01,-5.418516610470698209e-08,-6.399863020379003599e-03
1.132541315152811728e-01,-5.570477455131861353e-08,-6.488983720501532819e-03
1.148312414543511129e-01,-5.726699952220636901e-08,-6.579345462663134698e-03
1.164303132920876532e-01,-5.887303678345985428e-08,-6.670965528878643191e-03
1.180516528568805179e-01,-6.052411488830434617e-08,-6.763861441821935293e-03
1.196955702359043389e-01,-6.222149807008321988e-08,-6.858050968177199953e-03
1.213623798344240778e-01,-6.396648334927571361e-08,-6.953552122036887537e-03
1.230524004359261625e-01,-6.576040728378923897e-08,-7.050383168346957379e-03
1.247659552630869806e-01,-6.760464018299477794e-08,-7.148562626400120808e-03
1.265033720395903616e-01,-6.950059285801923962e-08,-7.248109273377711069e-03
1.282649830528060642e-01,-7.144971951472800653e-08,-7.349042147940900924e-03
1.300511252173408849e-01,-7.345350714612287350e-08,-7.451380553871889828e-03
1.318621401394748371e-01,-7.551348999725430297e-08,-7.555144063765843916e-03
1.336983741824946670e-01,-7.763124667223913011e-08,-7.660352522774206349e-03
1.355601785329368647e-01,-7.980839434829586715e-08,-7.767026052400147380e-03
1.374479092677537428e-01,-8.204659938334714839e-08,-7.875185054346887925e-03
1.393619274224142390e-01,-8.434757442303738237e-08,-7.984850214419582717e-03
1.413025990599533765e-01,-8.671307840073301651e-08,-8.096042506481555823e-03
1.432702953409830948e-01,-8.914492328781499981e-08,-8.208783196465624030e-03
1.452653925946780777e-01,-9.164497023636919742e-08,-8.323093846441280072e-03
1.472882723907502633e-01,-9.421512861485890166e-08,-8.438996318738506766e-03
1.493393216124252187e-01,-9.685736661572760793e-08,-8.556512780129024373e-03
1.514189325304352018e-01,-9.957370450510664474e-08,-8.675665706065770894e-03
1.535275028780422601e-01,-1.023662223374354033e-07,-8.796477884981392451e-03
1.556654359271061605e-01,-1.052370570624791483e-07,-8.918972422646614592e-03
1.578331405652117214e-01,-1.081884015610017938e-07,-9.043172746589302896e-03
1.600310313738700918e-01,-1.112225162166959168e-07,-9.169102610575057682e-03
1.622595287078087423e-01,-1.143417221658908500e-07,-9.296786099150187652e-03
1.645190587753662392e-01,-1.175484041905352948e-07,-9.426247632247973171e-03
1.668100537200058742e-01,-1.208450174684901677e-07,-9.557511969859058820e-03
1.691329517029648011e-01,-1.242340846805463843e-07,-9.690604216766877249e-03
1.714881969870540035e-01,-1.277181940817705439e-07,-9.825549827349023754e-03
1.738762400216250781e-01,-1.313000178237271533e-07,-9.962374610445499240e-03
1.762975375287205715e-01,-1.349822907392747959e-07,-1.010110473429471842e-02
1.787525525904234969e-01,-1.387678344507533960e-07,-1.024176673153829112e-02
1.812417547374236826e-01,-1.426595400120902378e-07,-1.038438750429546489e-02
1.837656200388171346e-01,-1.466603900883323574e-07,-1.052899432930824199e-02
1.863246311931560373e-01,-1.507734406334252181e-07,-1.067561486315814732e-02
1.889192776207666291e-01,-1.550018411410900724e-07,-1.082427714755563632e-02
1.915500555573527997e-01,-1.593488250015501565e-07,-1.097500961470317983e-02
1.942174681489025334e-01,-1.638177210734607442e-07,-1.112784109273297871e-02
1.969220255479172399e-01,-1.684119440406353682e-07,-1.128280081122048049e-02
1.996642450109794020e-01,-1.731350127342683894e-07,-1.143991840677458481e-02
2.024446509976803865e-01,-1.779905385610063459e-07,-1.159922392870576385e-02
2.052637752709252084e-01,-1.829822332175682626e-07,-1.176074784477309718e-02
2.081221569986338171e-01,-1.881139212270040796e-07,-1.192452104701128592e-02
2.110203428568595552e-01,-1.933895264381107332e-07,-1.209057485763890410e-02
2.139588871343422183e-01,-1.988130826330353418e-07,-1.225894103504881691e-02
2.169383518385184229e-01,-2.043887431705512342e-07,-1.242965177988211191e-02
2.199593068030074872e-01,-2.101207703784566159e-07,-1.260273974118655826e-02
2.230223297965937546e-01,-2.160135519471429809e-07,-1.277823802266081325e-02
2.261280066337278405e-01,-2.220715922506489941e-07,-1.295618018898565642e-02
2.292769312865649278e-01,-2.282995306688839077e-07,-1.313660027224327655e-02
2.324697059985647851e-01,-2.347021319443541791e-07,-1.331953277842605129e-02
2.357069413996727703e-01,-2.412842881108197468e-07,-1.350501269403591061e-02
2.389892566231049675e-01,-2.480510416371555127e-07,-1.369307549277559537e-02
2.423172794237599403e-01,-2.550075661408027270e-07,-1.388375714233311756e-02
2.456916462982790816e-01,-2.621591856743209916e-07,-1.407709411126069864e-02
2.491130026067788494e-01,-2.695113679750972002e-07,-1.427312337594946641e-02
2.525820026962784515e-01,-2.770697427875699068e-07,-1.447188242770128946e-02
2.560993100258458499e-01,-2.848400893269739944e-07,-1.467340927989911961e-02
2.596655972934870937e-01,-2.928283536372376200e-07,-1.487774247527714512e-02
2.632815465648021269e-01,-3.010406456980018527e-07,-1.508492109329220322e-02
2.669478494034320804e-01,-3.094832500322255004e-07,-1.529498475759779805e-02
2.706652070033241375e-01,-3.181626257061878103e-07,-1.550797364362232512e-02
2.744343303228364839e-01,-3.270854101868008067e-07,-1.572392848625260922e-02
2.782559402207124277e-01,-3.362584309135420178e-07,-1.594289058762465502e-02
2.821307675939472293e-01,-3.456887081914402910e-07,-1.616490182502276773e-02
2.860595535175741722e-01,-3.553834561554058625e-07,-1.639000465888864819e-02
2.900430493863991877e-01,-3.653500895205266586e-07,-1.661824214094214519e-02
2.940820170587062909e-01,-3.755962341896737045e-07,-1.684965792241491928e-02
2.981772290019671923e-01,-3.861297291821603648e-07,-1.708429626239892085e-02
3.023294684405777866e-01,-3.969586343483658017e-07,-1.732220203631103933e-02
3.065395295056526637e-01,-4.080912303697393164e-07,-1.756342074447559201e-02
3.108082173869063936e-01,-4.195360409383370026e-07,-1.780799852082643603e-02
3.151363484866478437e-01,-4.313018163632592122e-07,-1.805598214173014318e-02
3.195247505759211681e-01,-4.433975596074974290e-07,-1.830741903493213196e-02
3.239742629528197249e-01,-4.558325243592850355e-07,-1.856235728862731110e-02
3.284857366030044523e-01,-4.686162237110495174e-07,-1.882084566065705261e-02
3.330600343624588455e-01,-4.817584398026940508e-07,-1.908293358783425681e-02
3.376980310825090648e-01,-4.952692257502580649e-07,-1.934867119539825098e-02
3.424006137971423724e-01,-5.091589172178537804e-07,-1.961810930660133276e-02
3.471686818926561502e-01,-5.234381430252758016e-07,-1.989129945242885944e-02
3.520031472796679717e-01,-5.381178251480081568e-07,-2.016829388145460755e-02
3.569049345675229801e-01,-5.532091931821443232e-07,-2.044914556983346010e-02
3.618749812411279354e-01,-5.687237968806534639e-07,-2.073390823143320474e-02
3.669142378402492910e-01,-5.846735013317505136e-07,-2.102263632810738928e-02
3.720236681413067736e-01,-6.010705120314213483e-07,-2.131538508011125710e-02
3.772042493416998266e-01,-6.179273729547761977e-07,-2.161221047666275763e-02
3.824569722466998889e-01,-6.352569790923187415e-07,-2.191316928665055022e-02
3.877828414589456485e-01,-6.530725870575573957e-07,-2.221831906949116656e-02
3.931828755705769063e-01,-6.713878343735691209e-07,-2.252771818613736460e-02
3.986581073580440782e-01,-6.902167230794414931e-07,-2.284142581023968985e-02
4.042095839796306933e-01,-7.095736669823349506e-07,-2.315950193946364130e-02
4.098383671757261371e-01,-7.294734675493070702e-07,-2.348200740696421845e-02
4.155455334718875515e-01,-7.499313534447557490e-07,-2.380900389302039247e-02
4.213321743847288081e-01,-7.709629747444676910e-07,-2.414055393683155540e-02
4.271993966306779078e-01,-7.925844241508415079e-07,-2.447672094847818530e-02
4.331483223376399461e-01,-8.148122389215565410e-07,-2.481756922104916621e-02
4.391800892596086081e-01,-8.376634288350913101e-07,-2.516316394293786896e-02
4.452958509942655518e-01,-8.611554713691022818e-07,-2.551357121030952552e-02
4.514967772036100890e-01,-8.853063444875803849e-07,-2.586885803974217982e-02
4.577840538376618529e-01,-9.101345198905788505e-07,-2.622909238104369212e-02
4.641588833612778631e-01,-9.356589977300258441e-07,-2.659434313024720484e-02
4.706224849841281754e-01,-9.618993008237821634e-07,-2.696468014278751921e-02
4.771760948938745805e-01,-9.888755035854919807e-07,-2.734017424686109241e-02
4.838209664925955944e-01,-1.016608249382504723e-06,-2.772089725697186868e-02
4.905583706365048147e-01,-1.045118752464556282e-06,-2.810692198766593514e-02
4.973895958790063854e-01,-1.074428824000641405e-06,-2.849832226745728503e-02
5.043159487171360311e-01,-1.104560888472613446e-06,-2.889517295294759952e-02
5.113387538414325695e-01,-1.135537998140128849e-06,-2.929754994314254235e-02
5.184593543892911383e-01,-1.167383854255887296e-06,-2.970553019396750954e-02
5.256791122018421580e-01,-1.200122815744614617e-06,-3.011919173298543626e-02
5.329994080844089321e-01,-1.233779934883222218e-06,-3.053861367431958199e-02
5.404216420705916235e-01,-1.268380959229500047e-06,-3.096387623378409754e-02
5.479472336900287344e-01,-1.303952355730348858e-06,-3.139506074422527410e-02
5.555776222398876030e-01,-1.340521346401945351e-06,-3.183224967107643744e-02
5.633142670601354318e-01,-1.378115901579494165e-06,-3.227552662812946394e-02
5.711586478126432498e-01,-1.416764786205004088e-06,-3.272497639352581200e-02
5.791122647641759880e-01,-1.456497568506286434e-06,-3.318068492597031627e-02
5.871766390733255125e-01,-1.497344645069529230e-06,-3.364273938117074564e-02
5.953533130814369079e-01,-1.539337266876199786e-06,-3.411122812850626157e-02
6.036438506075867405e-01,-1.582507560518314486e-06,-3.458624076792789909e-02
6.120498372476699256e-01,-1.626888553271020391e-06,-3.506786814709456773e-02
6.205728806776501516e-01,-1.672514198165184045e-06,-3.555620237874745904e-02
6.292146109610343707e-01,-1.719419400988635754e-06,-3.605133685832654505e-02
6.379766808606280870e-01,-1.767640049216076130e-06,-3.655336628183224884e-02
6.468607661546326160e-01,-1.817213028402726239e-06,-3.706238666393595754e-02
6.558685659571431570e-01,-1.868176271365123044e-06,-3.757849535634259774e-02
6.650018030431119609e-01,-1.920568763002848742e-06,-3.810179106640903396e-02
6.742622241778342129e-01,-1.974430585622025405e-06,-3.863237387602150297e-02
6.836516004510236888e-01,-2.029802950758227828e-06,-3.917034526073619183e-02
6.931717276155405782e-01,-2.086728217498818168e-06,-3.971580810918610982e-02
7.028244264308348699e-01,-2.145249936842128311e-06,-4.026886674275820949e-02
7.126115430111746862e-01,-2.205412879663084405e-06,-4.082962693554469807e-02
7.225349491787214085e-01,-2.267263077215093938e-06,-4.139819593457192554e-02
7.325965428215229780e-01,-2.330847847167027077e-06,-4.197468248031099858e-02
7.427982482564916555e-01,-2.396215832176464353e-06,-4.255919682747408284e-02
7.531420165974371805e-01,-2.463417043284592151e-06,-4.315185076610025122e-02
7.636298261282243871e-01,-2.532502894632158491e-06,-4.375275764293481279e-02
7.742636826811269968e-01,-2.603526238175433896e-06,-4.436203238310650054e-02
7.850456200204509738e-01,-2.676541411902775438e-06,-4.497979151210637627e-02
7.959777002314983863e-01,-2.751604273586282945e-06,-4.560615317807280300e-02
8.070620141149503768e-01,-2.828772255748672694e-06,-4.624123717438675257e-02
8.183006815867391870e-01,-2.908104387843025720e-06,-4.688516496258170185e-02
8.296958520834906148e-01,-2.989661370506244267e-06,-4.753805969557249600e-02
8.412497049736118448e-01,-3.073505591952850171e-06,-4.820004624120773074e-02
8.529644499741022567e-01,-3.159701199335488799e-06,-4.887125120614989326e-02
8.648423275731722537e-01,-3.248314140211282136e-06,-4.955180296008832724e-02
8.768856094587428318e-01,-3.339412204972520419e-06,-5.024183166028897696e-02
8.890965989529160396e-01,-3.433065091456915727e-06,-5.094146927648623285e-02
9.014776314524917122e-01,-3.529344440628035209e-06,-5.165084961612114584e-02
9.140310748756229620e-01,-3.628323918543488313e-06,-5.237010834993127001e-02
9.267593301146878071e-01,-3.730079248178083785e-06,-5.309938303789659558e-02
9.396648314954693104e-01,-3.834688274998483630e-06,-5.383881315554692876e-02
9.527500472427292699e-01,-3.942231031573549452e-06,-5.458854012063540928e-02
9.660174799522646127e-01,-4.052789793505760097e-06,-5.534870732018347395e-02
9.794696670695393070e-01,-4.166449143077272808e-06,-5.611946013790247711e-02
9.931091813749796104e-01,-4.283296034824672912e-06,-5.690094598199688797e-02
1.006938631476027579e+00,-4.403419863042398028e-06,-5.769331431335486537e-02
1.020960662306046540e+00,-4.526912530250519465e-06,-5.849671667413105375e-02
1.035177955630176339e+00,-4.653868509876590625e-06,-5.931130671672769222e-02
1.049593230558227619e+00,-4.784384934010043345e-06,-6.013724023317876255e-02
1.064209244064724169e+00,-4.918561652226789713e-06,-6.097467518494380234e-02
1.079028791516184249e+00,-5.056501316450703589e-06,-6.182377173311605356e-02
1.094054707205742494e+00,-5.198309454243208197e-06,-6.268469226905142022e-02
1.109289864895222744e+00,-5.344094561379466809e-06,-6.355760144542403622e-02
1.124737178364751955e+00,-5.493968167423411947e-06,-6.444266620771375853e-02
1.140399601970032428e+00,-5.648044933125673654e-06,-6.534005582613236496e-02
1.156280131207376050e+00,-5.806442731427940639e-06,-6.624994192799449344e-02
1.172381803286598467e+00,-5.969282753539930327e-06,-6.717249853053847142e-02
1.188707697711903322e+00,-6.136689570657295142e-06,-6.810790207420508446e-02
1.205260936870842681e+00,-6.308791260289587554e-06,-6.905633145637879444e-02
1.222044686631488020e+00,-6.485719489193491419e-06,-7.001796806559923425e-02
1.239062156947916327e+00,-6.667609613664042860e-06,-7.099299581624898825e-02
1.256316602474120803e+00,-6.854600790433509864e-06,-7.198160118372394500e-02
1.273811323186478495e+00,-7.046836077927066892e-06,-7.298397324009354981e-02
1.291549665014884107e+00,-7.244462544268829965e-06,-7.400030369025767385e-02
1.309535020482667012e+00,-7.447631379145283163e-06,-7.503078690860635891e-02
1.327770829355429782e+00,-7.656498023026695525e-06,-7.607561997619062544e-02
1.346260579298910409e+00,-7.871222264565789630e-06,-7.713500271840990907e-02
1.365007806546013835e+00,-8.091968378498277345e-06,-7.820913774322486856e-02
1.384016096573131627e+00,-8.318905245221260629e-06,-7.929823047990201823e-02
1.403289084785872332e+00,-8.552206486765315510e-06,-8.040248921829734607e-02
1.422830457214352640e+00,-8.792050582515774194e-06,-8.152212514868743820e-02
1.442643951218158138e+00,-9.038621029293232749e-06,-8.265735240215441038e-02
1.462733356201129986e+00,-9.292106463825365616e-06,-8.380838809153345892e-02
1.483102514336104516e+00,-9.552700813184383317e-06,-8.497545235293067767e-02
1.503755321299737657e+00,-9.820603445224637527e-06,-8.615876838781803826e-02
1.524695727017573832e+00,-1.009601931709167275e-05,-8.735856250571516490e-02
1.545927736419477672e+00,-1.037915913723207176e-05,-8.857506416746467603e-02
1.567455410205595090e+00,-1.067023951583146555e-05,-8.980850602911032154e-02
1.589282865622978047e+00,-1.096948314514691947e-05,-9.105912398638574268e-02
1.611414277253019112e+00,-1.127711896248157800e-05,-9.232715721982248658e-02
1.633853877809861244e+00,-1.159338232087410080e-05,-9.361284824048593523e-02
1.656605958949914470e+00,-1.191851517618190318e-05,-9.491644293634796115e-02
1.679674872092653093e+00,-1.225276626934292739e-05,-9.623819061930485863e-02
1.703065029252844420e+00,-1.259639131828095518e-05,-9.757834407285014000e-02
1.726780903884356011e+00,-1.294965321173976520e-05,-9.893715960041027380e-02
1.750827031735724182e+00,-1.331282221179651509e-05,-1.003148970743537177e-01
1.775208011717635204e+00,-1.368617615348238075e-05,-1.017118199856821698e-01
1.799928506782476401e+00,-1.407000067622632496e-05,-1.031281954944127249e-01
1.824993244816152327e+00,-1.446458941769030857e-05,-1.045642944806623315e-01
1.850407019542302134e+00,-1.487024425967858275e-05,-1.060203915964421789e-01
1.876174691439120412e+00,-1.528727554222441773e-05,-1.074967653181737870e-01
1.902301188668944709e+00,-1.571600231335737780e-05,-1.089936979999357458e-01
1.928791508020777812e+00,-1.615675256729894380e-05,-1.105114759274511693e-01
1.955650715865949074e+00,-1.660986349808784529e-05,-1.120503893728271860e-01
1.982883949127071332e+00,-1.707568175417005323e-05,-1.136107326500555431e-01
2.010496416260497909e+00,-1.755456370648984072e-05,-1.151928041712861339e-01
2.038493398252463340e+00,-1.804687572043859448e-05,-1.167969065038835935e-01
2.066880249629082122e+00,-1.855299443455437714e-05,-1.184233464282774262e-01
2.095662399480433091e+00,-1.907330704886531206e-05,-1.200724349966180715e-01
2.124845352498883067e+00,-1.960821162866271009e-05,-1.217444875922483460e-01
2.154434690031883370e+00,-2.015811739380987536e-05,-1.234398239900028477e-01
2.184436071149427505e+00,-2.072344504855325864e-05,-1.251587684173468551e-01
2.214855233726359174e+00,-2.130462708626170641e-05,-1.269016496163651309e-01
2.245697995539774006e+00,-2.190210813852551321e-05,-1.286688009066140337e-01
2.276970255381680186e+00,-2.251634530111222996e-05,-1.304605602488477512e-01
2.308677994187168458e+00,-2.314780848885310955e-05,-1.322772703096312397e-01
2.340827276178293115e+00,-2.379698080017363920e-05,-1.341192785268529863e-01
2.373424250023867366e+00,-2.446435887005285741e-05,-1.359869371761476819e-01
2.406475150015424003e+00,-2.515045327409309964e-05,-1.378806034382447088e-01
2.439986297259550074e+00,-2.585578889883902851e-05,-1.398006394672528796e-01
2.473964100886812734e+00,-2.658090535356388015e-05,-1.417474124598946950e-01
2.508415059277540049e+00,-2.732635737723500556e-05,-1.437212947257052453e-01
2.543345761304649510e+00,-2.809271526958879864e-05,-1.457226637582059448e-01
2.578762887593800901e+00,-2.888056532413537205e-05,-1.477519023070699433e-01
2.614673211801092023e+00,-2.969051027177209027e-05,-1.498093984512905152e-01
2.651083601908537535e+00,-3.052316975332826859e-05,-1.518955456733674103e-01
2.688001021537606228e+00,-3.137918077861057240e-05,-1.540107429345256851e-01
2.725432531281029025e+00,-3.225919822884473342e-05,-1.561553947509799478e-01
2.763385290053169907e+00,-3.316389534658240469e-05,-1.583299112712601153e-01
2.801866556459195134e+00,-3.409396425550393511e-05,-1.605347083546125042e-01
2.840883690183302779e+00,-3.505011648986600993e-05,-1.627702076504911888e-01
2.880444153396296336e+00,-3.603308354034478626e-05,-1.650368366791550301e-01
2.920555512182746671e+00,-3.704361740470244754e-05,-1.673350289133857249e-01
2.961225437988034503e+00,-3.808249117510039447e-05,-1.696652238613419184e-01
3.002461709085549213e+00,-3.915049962348578845e-05,-1.720278671505665324e-01
3.044272212064302874e+00,-4.024845980915997692e-05,-1.744234106131607454e-01
3.086664943337273037e+00,-4.137721170467145330e-05,-1.768523123721435775e-01
3.129648010670751823e+00,-4.253761883810498284e-05,-1.793150369290121282e-01
3.173229634734976212e+00,-4.373056895658863268e-05,-1.818120552525188949e-01
3.217418150676371713e+00,-4.495697469848243560e-05,-1.843438448686834930e-01
3.262222009711670090e+00,-4.621777430125031575e-05,-1.869108899520560974e-01
3.307649780744240875e+00,-4.751393231029940047e-05,-1.895136814182493412e-01
3.353710152002930656e+00,-4.884644031964549061e-05,-1.921527170177572408e-01
3.400411932703705897e+00,-5.021631773090433934e-05,-1.948285014310770502e-01
3.447764054734464345e+00,-5.162461253928773053e-05,-1.975415463651550851e-01
3.495775574363275240e+00,-5.307240211960354828e-05,-2.002923706511712809e-01
3.544455673970433818e+00,-5.456079407011969610e-05,-2.030815003436842459e-01
3.593813663804627634e+00,-5.609092704196736795e-05,-2.059094688211540181e-01
3.643858983763544224e+00,-5.766397161965847510e-05,-2.087768168878609276e-01
3.694601205199302463e+00,-5.928113121896585915e-05,-2.116840928772424080e-01
3.746050032748993175e+00,-6.094364299638043309e-05,-2.146318527566639378e-01
3.798215306190734442e+00,-6.265277880871918462e-05,-2.176206602336475116e-01
3.851107002325570683e+00,-6.440984617563159757e-05,-2.206510868635750688e-01
3.904735236885560123e+00,-6.621618928550723521e-05,-2.237237121588880884e-01
3.959110266468458761e+00,-6.807319002067616575e-05,-2.268391236998057447e-01
4.014242490499322358e+00,-6.998226901733204676e-05,-2.299979172465789479e-01
4.070142453219436796e+00,-7.194488674474908184e-05,-2.332006968533053559e-01
4.126820845702954266e+00,-7.396254463850896930e-05,-2.364480749833252071e-01
4.184288507901582577e+00,-7.603678623084277532e-05,-2.397406726262182319e-01
4.242556430717777438e+00,-7.816919833787680581e-05,-2.430791194164272084e-01
4.301635758106795215e+00,-8.036141228256773030e-05,-2.464640537535284226e-01
4.361537789208003169e+00,-8.261510512343290201e-05,-2.498961229241709048e-01
4.422273980505899260e+00,-8.493200095850865559e-05,-2.533759832257106992e-01
4.483855948021188809e+00,-8.731387222835466943e-05,-2.569043000915596231e-01
4.546295469532399380e+00,-8.976254107692931312e-05,-2.604817482182754107e-01
4.609604486828433600e+00,-9.227988074912150441e-05,-2.641090116944161958e-01
4.673795107992461340e+00,-9.486781701722470615e-05,-2.677867841311816210e-01
4.738879609717653096e+00,-9.752832965660507899e-05,-2.715157687948698273e-01
4.804870439655131165e+00,-1.002634539599567688e-04,-2.752966787411697536e-01
4.871780218794630635e+00,-1.030752822978598098e-04,-2.791302369513186665e-01
4.939621743878320537e+00,-1.059659657092476418e-04,-2.830171764701483461e-01
5.008407989848209674e+00,-1.089377155584302212e-04,-2.869582405460457397e-01
5.078152112327673606e+00,-1.119928052133493609e-04,-2.909541827728563401e-01
5.148867450137495361e+00,-1.151335718000350792e-04,-2.950057672337541015e-01
5.220567527846974976e+00,-1.183624179773317580e-04,-2.991137686471079804e-01
5.293266058360561743e+00,-1.216818137772197260e-04,-3.032789725143709147e-01
5.366976945540476329e+00,-1.250942984981965570e-04,-3.075021752700182742e-01
5.441714286865890315e+00,-1.286024826440049077e-04,-3.117841844335660917e-01
5.517492376129125908e+00,-1.322090499202444188e-04,-3.161258187636967198e-01
5.594325706169377632e+00,-1.359167592879047986e-04,-3.205279084145188362e-01
5.672228971644543094e+00,-1.397284470699640174e-04,-3.249912950939951584e-01
5.751217071841614015e+00,-1.436470291264829659e-04,-3.295168322245639603e-01
5.831305113526221717e+00,-1.476755030837326838e-04,-3.341053851059857527e-01
5.912508413831877974e+00,-1.518169506183202923e-04,-3.387578310804476578e-01
5.994842503189408589e+00,-1.560745398194598272e-04,-3.434750596999508465e-01
6.078323128297229871e+00,-1.604515276207108335e-04,-3.482579728960203402e-01
6.162966255132942273e+00,-1.649512622732200555e-04,-3.531074851517607138e-01
6.248788072006891348e+00,-1.695771859183303927e-04,-3.580245236762963357e-01
6.335804992658251145e+00,-1.743328372161623068e-04,-3.630100285816245664e-01
6.424033659394190465e+00,-1.792218540513868192e-04,-3.680649530619171661e-01
6.513490946272802340e+00,-1.842479763181206819e-04,-3.731902635753024389e-01
6.604193962330305645e+00,-1.894150487714101570e-04,-3.783869400281617557e-01
6.696160054853218746e+00,-1.947270239800224026e-04,-3.836559759619750376e-01
6.789406812696109128e+00,-2.001879653371523905e-04,-3.889983787427523376e-01
6.883952069645496330e+00,-2.058020501734076030e-04,-3.944151697530796641e-01
6.979813907830660469e+00,-2.115735729489303806e-04,-3.999073845868258426e-01
7.077010661181889262e+00,-2.175069485391261108e-04,-4.054760732465340078e-01
7.175560918936924715e+00,-2.236067156072505128e-04,-4.111223003435453549e-01
7.275483529196228538e+00,-2.298775400773611101e-04,-4.168471453008849026e-01
7.376797602527734199e+00,-2.363242187018507333e-04,-4.226517025589499599e-01
7.479522515621821022e+00,-2.429516827254960497e-04,-4.285370817840387647e-01
7.583677914997190683e+00,-2.497650016585627642e-04,-4.345044080797587083e-01
7.689283720758309570e+00,-2.567693871531854404e-04,-4.405548222013498383e-01
7.796360130405233235e+00,-2.639701969839923046e-04,-4.466894807729689387e-01
7.904927622696424017e+00,-2.713729391532314502e-04,-4.529095565079677699e-01
8.015006961565404708e+00,-2.789832760905092417e-04,-4.592162384322104884e-01
8.126619200091946382e+00,-2.868070289828282700e-04,-4.656107321104709929e-01
8.239785684528515119e+00,-2.948501822387887138e-04,-4.720942598759473308e-01
8.354528058382866718e+00,-3.031188880435637138e-04,-4.786680610629431287e-01
8.470868266557406656e+00,-3.116194710769829360e-04,-4.853333922427499614e-01
8.588828559546250574e+00,-3.203584333378347161e-04,-4.920915274627791769e-01
8.708431497690723333e+00,-3.293424591235772020e-04,-4.989437584889882538e-01
8.829699955494087149e+00,-3.385784201307494952e-04,-5.058913950516392699e-01
8.952657125996395848e+00,-3.480733807156319391e-04,-5.129357650944414981e-01
9.077326525210228425e+00,-3.578346032871964743e-04,-5.200782150271172632e-01
9.203731996618220279e+00,-3.678695538564680104e-04,-5.273201099814429638e-01
9.331897715733239451e+00,-3.781859077567720521e-04,-5.346628340708077243e-01
9.461848194721996563e+00,-3.887915554914834712e-04,-5.421077906533345869e-01
9.593608287093141840e+00,-3.996946087758288728e-04,-5.496564025986214741e-01
9.727203192450541991e+00,-4.109034067361104015e-04,-5.573101125581361170e-01
9.862658461312820535e+00,-4.224265222740782033e-04,-5.650703832393257908e-01
1.000000000000000000e+01,-4.342727686263608876e-04,-5.729386976834860423e-01
1.013925407558815373e+01,-4.464512061016110366e-04,-5.809165595474358179e-01
1.028044732093309754e+01,-4.589711489895931988e-04,-5.890054933890562783e-01
1.042360673976401131e+01,-4.718421726991317827e-04,-5.972070449567374872e-01
1.056875971184804008e+01,-4.850741210535690763e-04,-6.055227814827901511e-01
1.071593399822671167e+01,-4.986771138286202453e-04,-6.139542919808695931e-01
1.086515774652538369e+01,-5.126615544776725198e-04,-6.225031875474694720e-01
1.101645949633656940e+01,-5.270381380725174675e-04,-6.311711016675367603e-01
1.116986818467822573e+01,-5.418178594923273462e-04,-6.399596905242603828e-01
1.132541315152811556e+01,-5.570120218068914291e-04,-6.488706333130951354e-01
1.148312414543511117e+01,-5.726322449177882008e-04,-6.579056325600624033e-01
1.164303132920876749e+01,-5.886904744343715665e-04,-6.670664144444006238e-01
1.180516528568805512e+01,-6.051989908000296285e-04,-6.763547291256107874e-01
1.196955702359042739e+01,-6.221704186658511340e-04,-6.857723510749549334e-01
1.213623798344240612e+01,-6.396177365445194791e-04,-6.953210794114758064e-01
1.230524004359261525e+01,-6.575542867087828813e-04,-7.050027382425757549e-01
1.247659552630869761e+01,-6.759937853933633591e-04,-7.148191770092389152e-01
1.265033720395903849e+01,-6.949503332636927438e-04,-7.247722708359362054e-01
1.282649830528059809e+01,-7.144384261823741875e-04,-7.348639208852834059e-01
1.300511252173408572e+01,-7.344729662878755720e-04,-7.450960547175163873e-01
1.318621401394748460e+01,-7.550692733536707845e-04,-7.554706266548280036e-01
1.336983741824946570e+01,-7.762430965117767890e-04,-7.659896181506539170e-01
1.355601785329368880e+01,-7.980106262500802610e-04,-7.766550381639492073e-01
1.374479092677536585e+01,-8.203885067973022780e-04,-7.874689235385300412e-01
1.393619274224142046e+01,-8.433938488040363963e-04,-7.984333393875449048e-01
1.413025990599533621e+01,-8.670442424298553533e-04,-8.095503794831285793e-01
1.432702953409831004e+01,-8.913577707468599547e-04,-8.208221666513231263e-01
1.452653925946781222e+01,-9.163530235571321157e-04,-8.322508531723146197e-01
1.472882723907501834e+01,-9.420491115682259366e-04,-8.438386211860623431e-01
1.493393216124251843e+01,-9.684656809952382327e-04,-8.555876831033872865e-01
1.514189325304351996e+01,-9.956229285316650114e-04,-8.675002820225775624e-01
1.535275028780422701e+01,-1.023541616767243388e-03,-8.795786921515944545e-01
1.556654359271061949e+01,-1.052243090042247762e-03,-8.918252192359384933e-01
1.578331405652118136e+01,-1.081749290711325143e-03,-9.042422009922461701e-01
1.600310313738700074e+01,-1.112082775895079870e-03,-9.168320075476887876e-01
1.622595287078087267e+01,-1.143266734687677869e-03,-9.295970418852498307e-01
1.645190587753662470e+01,-1.175325005828284754e-03,-9.425397402949363679e-01
1.668100537200059108e+01,-1.208282095906856868e-03,-9.556625728310156331e-01
1.691329517029648599e+01,-1.242163198029164585e-03,-9.689680437753375175e-01
1.714881969870539180e+01,-1.276994211041474706e-03,-9.824586921068184653e-01
1.738762400216250370e+01,-1.312801759273550441e-03,-9.961370919771647126e-01
1.762975375287205893e+01,-1.349613212836744264e-03,-1.010005853192894598e+00
1.787525525904235479e+01,-1.387456708487945197e-03,-1.024067621703759645e+00
1.812417547374237614e+01,-1.426361171079775251e-03,-1.038325080097611819e+00
1.837656200388170546e+01,-1.466356335596235520e-03,-1.052780948101813330e+00
1.863246311931559873e+01,-1.507472769826045077e-03,-1.067437983091257481e+00
1.889192776207666213e+01,-1.549741897649745646e-03,-1.082298980603067395e+00
1.915500555573527919e+01,-1.593196022975470983e-03,-1.097366774858068661e+00
1.942174681489026611e+01,-1.637868354361201196e-03,-1.112644239289096726e+00
1.969220255479171300e+01,-1.683793030296701181e-03,-1.128134287076225428e+00
1.996642450109793288e+01,-1.731005145219631329e-03,-1.143839871688994370e+00
2.024446509976803910e+01,-1.779540776228448300e-03,-1.159763987435700860e+00
2.052637752709252084e+01,-1.829437010556962369e-03,-1.175909670019853026e+00
2.081221569986339404e+01,-1.880731973818529140e-03,-1.192279997103855349e+00
2.110203428568594219e+01,-1.933464859013401399e-03,-1.208878088879995705e+00
2.139588871343421417e+01,-1.987675956375722919e-03,-1.225707108648835586e+00
2.169383518385184217e+01,-2.043406684022860704e-03,-1.242770263405050146e+00
2.199593068030074861e+01,-2.100699619475879590e-03,-1.260070804430834635e+00
2.230223297965938656e+01,-2.159598532055358958e-03,-1.277612027896924518e+00
2.261280066337277361e+01,-2.220148416165455742e-03,-1.295397275471331211e+00
2.292769312865648601e+01,-2.282395525529288920e-03,-1.313429934935859134e+00
2.324697059985647840e+01,-2.346387408346154758e-03,-1.331713440810488924e+00
2.357069413996727647e+01,-2.412172943452013316e-03,-1.350251274985701855e+00
2.389892566231050353e+01,-2.479802377471169907e-03,-1.369046967362837153e+00
2.423172794237598282e+01,-2.549327363007848710e-03,-1.388104096502538631e+00
2.456916462982790250e+01,-2.620800997892634362e-03,-1.407426290281398540e+00
2.491130026067788350e+01,-2.694277865521938539e-03,-1.427017226556839491e+00
2.525820026962784581e+01,-2.769814076327696984e-03,-1.446880633840352592e+00
2.560993100258459521e+01,-2.847467310379830571e-03,-1.467020291979137969e+00
2.596655972934869894e+01,-2.927296861181905106e-03,-1.487440032846238047e+00
2.632815465648020137e+01,-3.009363680691510678e-03,-1.508143741039245977e+00
2.669478494034320804e+01,-3.093730425570901700e-03,-1.529135354587639828e+00
2.706652070033241131e+01,-3.180461504730357648e-03,-1.550418865668848012e+00
2.744343303228365372e+01,-3.269623128191105014e-03,-1.571998321333100801e+00
2.782559402207125743e+01,-3.361283357303351902e-03,-1.593877824237141416e+00
2.821307675939470627e+01,-3.455512156350210549e-03,-1.616061533386876858e+00
2.860595535175741944e+01,-3.552381445575090568e-03,-1.638553664889035089e+00
2.900430493863991543e+01,-3.651965155707820841e-03,-1.661358492711888513e+00
2.940820170587063842e+01,-3.754339283955795276e-03,-1.684480349455129478e+00
2.981772290019673477e+01,-3.859581951583757921e-03,-1.707923627128950406e+00
3.023294684405776422e+01,-3.967773463059244554e-03,-1.731692777942397621e+00
3.065395295056526592e+01,-4.078996366847879862e-03,-1.755792315101067702e+00
3.108082173869063780e+01,-4.193335517888737395e-03,-1.780226813614188774e+00
3.151363484866479325e+01,-4.310878141784898684e-03,-1.805000911111172446e+00
3.195247505759213524e+01,-4.431713900774308761e-03,-1.830119308667669920e+00
3.239742629528195295e+01,-4.555934961530679062e-03,-1.855586771641204002e+00
3.284857366030043835e+01,-4.683636064806653669e-03,-1.881408130516424082e+00
3.330600343624588788e+01,-4.814914597035738555e-03,-1.907588281760009163e+00
3.376980310825091181e+01,-4.949870663877394342e-03,-1.934132188685321774e+00
3.424006137971425545e+01,-5.088607165794995120e-03,-1.961044882326795413e+00
3.471686818926559681e+01,-5.231229875738101394e-03,-1.988331462324133714e+00
3.520031472796679139e+01,-5.377847518917637862e-03,-2.015997097816352834e+00
3.569049345675229290e+01,-5.528571854820928805e-03,-2.044047028345679529e+00
3.618749812411280686e+01,-5.683517761453496520e-03,-2.072486564771365725e+00
3.669142378402494131e+01,-5.842803321914308290e-03,-2.101321090193422059e+00
3.720236681413065583e+01,-6.006549913321556321e-03,-2.130556060886299452e+00
3.772042493416997644e+01,-6.174882298205603033e-03,-2.160197007242545375e+00
3.824569722466998911e+01,-6.347928718403837364e-03,-2.190249534726413039e+00
3.877828414589457395e+01,-6.525820991512648779e-03,-2.220719324837483022e+00
3.931828755705770106e+01,-6.708694610001075115e-03,-2.251612136084246707e+00
3.986581073580438783e+01,-6.896688843028185231e-03,-2.282933804967682612e+00
4.042095839796306223e+01,-7.089946841037277764e-03,-2.314690246974804744e+00
4.098383671757261482e+01,-7.288615743236906072e-03,-2.346887457582149228e+00
4.155455334718875093e+01,-7.492846787978550520e-03,-2.379531513269211196e+00
4.213321743847289014e+01,-7.702795426182882516e-03,-2.412628572541769767e+00
4.271993966306776969e+01,-7.918621437838417251e-03,-2.446184876965080690e+00
4.331483223376398684e+01,-8.140489051678674245e-03,-2.480206752206894460e+00
4.391800892596086214e+01,-8.368567068127802377e-03,-2.514700609090219974e+00
4.452958509942655496e+01,-8.603028985572089629e-03,-2.549672944655810181e+00
4.514967772036101934e+01,-8.844053130084617714e-03,-2.585130343234275596e+00
4.577840538376616308e+01,-9.091822788657184101e-03,-2.621079477527741286e+00
4.641588833612777165e+01,-9.346526346061645452e-03,-2.657527109700986490e+00
4.706224849841281355e+01,-9.608357425394510945e-03,-2.694480092481913669e+00
4.771760948938745628e+01,-9.877515032462400729e-03,-2.731945370271302576e+00
4.838209664925957298e+01,-1.015420370405044001e-02,-2.769929980261669922e+00
4.905583706365045771e+01,-1.043863366020397233e-02,-2.808441053565127188e+00
4.973895958790062366e+01,-1.073102096061480729e-02,-2.847485816350097565e+00
5.043159487171358535e+01,-1.103158766523651413e-02,-2.887071590986693526e+00
5.113387538414325917e+01,-1.134056199921705879e-02,-2.927205797200627568e+00
5.184593543892913203e+01,-1.165817852226753992e-02,-2.967895953235436313e+00
5.256791122018424289e+01,-1.198467830259302216e-02,-3.009149677022830094e+00
5.329994080844087989e+01,-1.232030909546675233e-02,-3.050974687360934912e+00
5.404216420705915169e+01,-1.266532552662900241e-02,-3.093378805100215345e+00
5.479472336900287388e+01,-1.301998928055244330e-02,-3.136369954336782673e+00
5.555776222398877451e+01,-1.338456929376726987e-02,-3.179956163612875031e+00
5.633142670601357338e+01,-1.375934195334821593e-02,-3.224145567124165890e+00
5.711586478126429256e+01,-1.414459130066640993e-02,-3.268946405933622845e+00
5.791122647641758192e+01,-1.454060924059568868e-02,-3.314367029191595204e+00
5.871766390733255747e+01,-1.494769575625663587e-02,-3.360415895361721805e+00
5.953533130814370367e+01,-1.536615912945684358e-02,-3.407101573452366861e+00
6.036438506075869981e+01,-1.579631616700228822e-02,-3.454432744253128629e+00
6.120498372476696858e+01,-1.623849243294261252e-02,-3.502418201576014578e+00
6.205728806776500761e+01,-1.669302248698418048e-02,-3.551066853500853160e+00
6.292146109610344240e+01,-1.716025012918508119e-02,-3.600387723624428826e+00
6.379766808606282069e+01,-1.764052865105892806e-02,-3.650389952312890873e+00
6.468607661546327847e+01,-1.813422109329580062e-02,-3.701082797956869452e+00
6.558685659571428062e+01,-1.864170051023342212e-02,-3.752475638228738308e+00
6.650018030431118632e+01,-1.916335024122669747e-02,-3.804577971341484677e+00
6.742622241778342129e+01,-1.969956418910942531e-02,-3.857399417308458478e+00
6.836516004510238531e+01,-2.025074710592329394e-02,-3.910949719203469677e+00
6.931717276155407603e+01,-2.081731488602790378e-02,-3.965238744420439332e+00
7.028244264308345635e+01,-2.139969486685506378e-02,-4.020276485931931099e+00
7.126115430111745752e+01,-2.199832613739745660e-02,-4.076073063545778474e+00
7.225349491787214617e+01,-2.261365985469167283e-02,-4.132638725158983561e+00
7.325965428215229736e+01,-2.324615956842025766e-02,-4.189983848008070666e+00
7.427982482564918598e+01,-2.389630155385416219e-02,-4.248118939914979464e+00
7.531420165974367364e+01,-2.456457515330694868e-02,-4.307054640527558043e+00
7.636298261282242095e+01,-2.525148312632343253e-02,-4.366801722553710796e+00
7.742636826811269657e+01,-2.595754200875936488e-02,-4.427371092988088286e+00
7.850456200204509116e+01,-2.668328248098352298e-02,-4.488773794330333189e+00
7.959777002314986305e+01,-2.742924974539371827e-02,-4.551021005793683294e+00
8.070620141149498750e+01,-2.819600391345441007e-02,-4.614124044502753819e+00
8.183006815867389605e+01,-2.898412040245398544e-02,-4.678094366679292015e+00
8.296958520834907347e+01,-2.979419034221160792e-02,-4.742943568814522060e+00
8.412497049736118981e+01,-3.062682099192816365e-02,-4.808683388826810123e+00
8.529644499741024788e+01,-3.148263616741098225e-02,-4.875325707203150394e+00
8.648423275731717297e+01,-3.236227667888708776e-02,-4.942882548123018083e+00
8.768856094587427208e+01,-3.326640077960894143e-02,-5.011366080563033343e+00
8.890965989529158264e+01,-3.419568462551457466e-02,-5.080788619380744997e+00
9.014776314524917211e+01,-3.515082274611715935e-02,-5.151162626375934472e+00
9.140310748756232329e+01,-3.613252852688841887e-02,-5.222500711327580092e+00
9.267593301146882823e+01,-3.714153470335247037e-02,-5.294815633004659183e+00
9.396648314954690306e+01,-3.817859386709873681e-02,-5.368120300148847335e+00
9.527500472427290390e+01,-3.924447898399537060e-02,-5.442427772427126165e+00
9.660174799522646083e+01,-4.033998392475876549e-02,-5.517751261352110248e+00
9.794696670695395824e+01,-4.146592400819357205e-02,-5.594104131168016636e+00
9.931091813749800679e+01,-4.262313655727455186e-02,-5.671499899699901093e+00
1.006938631476027126e+02,-4.381248146832372736e-02,-5.749952239163824252e+00
1.020960662306046487e+02,-4.503484179352049838e-02,-5.829474976935464348e+00
1.035177955630176285e+02,-4.629112433697311901e-02,-5.910082096274571484e+00
1.049593230558227646e+02,-4.758226026457261504e-02,-5.991787737002606029e+00
1.064209244064724658e+02,-4.890920572786945641e-02,-6.074606196130795333e+00
1.079028791516183645e+02,-5.027294250220006033e-02,-6.158551928435619160e+00
1.094054707205742432e+02,-5.167447863926934865e-02,-6.243639546978826615e+00
1.109289864895222735e+02,-5.311484913445187195e-02,-6.329883823568714263e+00
1.124737178364751884e+02,-5.459511660898404284e-02,-6.417299689159539078e+00
1.140399601970033103e+02,-5.611637200729369113e-02,-6.505902234185605870e+00
1.156280131207375348e+02,-5.767973530967341472e-02,-6.595706708826527098e+00
1.172381803286598512e+02,-5.928635626048840701e-02,-6.686728523200068608e+00
1.188707697711903251e+02,-6.093741511214433026e-02,-6.778983247478713281e+00
1.205260936870842556e+02,-6.263412338497748033e-02,-6.872486611926102107e+00
1.222044686631488730e+02,-6.437772464329720445e-02,-6.967254506849291040e+00
1.239062156947915696e+02,-6.616949528769974775e-02,-7.063302982462547952e+00
1.256316602474120145e+02,-6.801074536389850600e-02,-7.160648248658461945e+00
1.273811323186478432e+02,-6.990281938815275098e-02,-7.259306674681677229e+00
1.291549665014883885e+02,-7.184709718950937907e-02,-7.359294788700784018e+00
1.309535020482667562e+02,-7.384499476895986514e-02,-7.460629277273394422e+00
1.327770829355428930e+02,-7.589796517565343403e-02,-7.563326984699476618e+00
1.346260579298909761e+02,-7.800749940025869522e-02,-7.667404912257826055e+00
1.365007806546013853e+02,-8.017512728561167201e-02,-7.772880217320198959e+00
1.384016096573131449e+02,-8.240241845468448956e-02,-7.879770212337825264e+00
1.403289084785873229e+02,-8.469098325596868815e-02,-7.988092363694446973e+00
1.422830457214352009e+02,-8.704247372631304658e-02,-8.097864290420080380e+00
1.442643951218157383e+02,-8.945858457122717045e-02,-8.209103762759543343e+00
1.462733356201129880e+02,-9.194105416268316677e-02,-8.321828700589346539e+00
1.483102514336104321e+02,-9.449166555436740167e-02,-8.436057171676729638e+00
1.503755321299738341e+02,-9.711224751434462121e-02,-8.551807389774133128e+00
1.524695727017573006e+02,-9.980467557509001275e-02,-8.669097712542310319e+00
1.545927736419477014e+02,-1.025708731007499014e-01,-8.787946639295201479e+00
1.567455410205595001e+02,-1.054128123715217941e-01,-8.908372808559212430e+00
1.589282865622977852e+02,-1.083325156850268034e-01,-9.030394995439726458e+00
1.611414277253019804e+02,-1.113320564744059576e-01,-9.154032108787140132e+00
1.633853877809862070e+02,-1.144135604429734332e-01,-9.279303188154740312e+00
1.656605958949913600e+02,-1.175792067151511244e-01,-9.406227400540394967e+00
1.679674872092653288e+02,-1.208312290033271008e-01,-9.534824036904026912e+00
1.703065029252844340e+02,-1.241719167903683335e-01,-9.665112508452368800e+00
1.726780903884356064e+02,-1.276036165272986245e-01,-9.797112342682613217e+00
1.750827031735725257e+02,-1.311287328457848567e-01,-9.930843179176148894e+00
1.775208011717634236e+02,-1.347497297848697928e-01,-1.006632476513353325e+01
1.799928506782476347e+02,-1.384691320314631879e-01,-1.020357695064162229e+01
1.824993244816152469e+02,-1.422895261739167139e-01,-1.034261968366347872e+01
1.850407019542302010e+02,-1.462135619681091125e-01,-1.048347300474184429e+01
1.876174691439121318e+02,-1.502439536152490596e-01,-1.062615704140641348e+01
1.902301188668943723e+02,-1.543834810506375388e-01,-1.077069200227522394e+01
1.928791508020777599e+02,-1.586349912425543129e-01,-1.091709817084036160e+01
1.955650715865949110e+02,-1.630013995003068150e-01,-1.106539589892773101e+01
1.982883949127071332e+02,-1.674856907904613557e-01,-1.121560559982100180e+01
2.010496416260499188e+02,-1.720909210602182826e-01,-1.136774774103933616e+01
2.038493398252462043e+02,-1.768202185666981063e-01,-1.152184283675850018e+01
2.066880249629082016e+02,-1.816767852109864023e-01,-1.167791143986508473e+01
2.095662399480432896e+02,-1.866638978755489342e-01,-1.183597413363305861e+01
2.124845352498882960e+02,-1.917849097636565026e-01,-1.199605152301237432e+01
2.154434690031884543e+02,-1.970432517392454730e-01,-1.215816422551886689e+01
2.184436071149426084e+02,-2.024424336656821810e-01,-1.232233286171487308e+01
2.214855233726359245e+02,-2.079860457416733976e-01,-1.248857804527007964e+01
2.245697995539773899e+02,-2.136777598325298455e-01,-1.265692037259185554e+01
2.276970255381679920e+02,-2.195213307948677972e-01,-1.282738041201483448e+01
2.308677994187169702e+02,-2.255205977927151606e-01,-1.299997869253923533e+01
2.340827276178291925e+02,-2.316794856028830951e-01,-1.317473569210761397e+01
2.373424250023866193e+02,-2.380020059073469085e-01,-1.335167182541015940e+01
2.406475150015424163e+02,-2.444922585702244133e-01,-1.353080743120832530e+01
2.439986297259550270e+02,-2.511544328969056439e-01,-1.371216275916747307e+01
2.473964100886814208e+02,-2.579928088726418101e-01,-1.389575795618887000e+01
2.508415059277538717e+02,-2.650117583778623387e-01,-1.408161305223211457e+01
2.543345761304648249e+02,-2.722157463773315911e-01,-1.426974794561925641e+01
2.578762887593800883e+02,-2.796093320800809856e-01,-1.446018238781218912e+01
2.614673211801091952e+02,-2.871971700670049588e-01,-1.465293596765569539e+01
2.651083601908538867e+02,-2.949840113827670307e-01,-1.484802809507856303e+01
2.688001021537604629e+02,-3.029747045885906598e-01,-1.504547798424623295e+01
2.725432531281027764e+02,-3.111741967723491431e-01,-1.524530463615869813e+01
2.763385290053169570e+02,-3.195875345122414224e-01,-1.544752682068821770e+01
2.801866556459195294e+02,-3.282198647901286015e-01,-1.565216305805221886e+01
2.840883690183304111e+02,-3.370764358505858871e-01,-1.585923159971745378e+01
2.880444153396297793e+02,-3.461625980014489956e-01,-1.606875040873242710e+01
2.920555512182745019e+02,-3.554838043515919921e-01,-1.628073713948601409e+01
2.961225437988034628e+02,-3.650456114814928377e-01,-1.649520911689140235e+01
3.002461709085549160e+02,-3.748536800419773884e-01,-1.671218331499520460e+01
3.044272212064302607e+02,-3.849137752764659748e-01,-1.693167633501331437e+01
3.086664943337274281e+02,-3.952317674618568422e-01,-1.715370438279582288e+01
3.129648010670750296e+02,-4.058136322630601645e-01,-1.737828324572503291e+01
3.173229634734976230e+02,-4.166654509961117414e-01,-1.760542826905191305e+01
3.217418150676371624e+02,-4.277934107946323450e-01,-1.783515433167757536e+01
3.262222009711670125e+02,-4.392038046743133028e-01,-1.806747582138867969e+01
3.307649780744242776e+02,-4.509030314899969971e-01,-1.830240660955647414e+01
3.353710152002929021e+02,-4.628975957798465157e-01,-1.853996002531162546e+01
3.400411932703706270e+02,-4.751941074909837859e-01,-1.878014882920865247e+01
3.447764054734464025e+02,-4.877992815809241156e-01,-1.902298518639538116e+01
3.495775574363275382e+02,-5.007199374890610732e-01,-1.926848063930569310e+01
3.544455673970435328e+02,-5.139629984724368716e-01,-1.951664607989505384e+01
3.593813663804625662e+02,-5.275354907999519893e-01,-1.976749172144115363e+01
3.643858983763544188e+02,-5.414445427991794180e-01,-2.002102706993406755e+01
3.694601205199302285e+02,-5.556973837499680213e-01,-2.027726089508252727e+01
3.746050032748992749e+02,-5.703013426189721402e-01,-2.053620120096583790e+01
3.798215306190735987e+02,-5.852638466293484942e-01,-2.079785519636297764e+01
3.851107002325568942e+02,-6.005924196598859677e-01,-2.106222926479326674e+01
3.904735236885559857e+02,-6.162946804679058088e-01,-2.132932893430571752e+01
3.959110266468458690e+02,-6.323783407303820159e-01,-2.159915884705649347e+01
4.014242490499322003e+02,-6.488512028978872248e-01,-2.187172272871720935e+01
4.070142453219438607e+02,-6.657211578560328080e-01,-2.214702335775917064e+01
4.126820845702951601e+02,-6.829961823893958561e-01,-2.242506253466159194e+01
4.184288507901580374e+02,-7.006843364429788945e-01,-2.270584105109479367e+01
4.242556430717776834e+02,-7.187937601765723716e-01,-2.298935865913191634e+01
4.301635758106795038e+02,-7.373326708076944902e-01,-2.327561404054607053e+01
4.361537789208005620e+02,-7.563093592389512620e-01,-2.356460477625208938e+01
4.422273980505897271e+02,-7.757321864661281818e-01,-2.385632731595526224e+01
4.483855948021186464e+02,-7.956095797636258959e-01,-2.415077694807211017e+01
4.546295469532399238e+02,-8.159500286442287198e-01,-2.444794776999070862e+01
4.609604486828433778e+02,-8.367620805906915704e-01,-2.474783265874127380e+01
4.673795107992463613e+02,-8.580543365570578729e-01,-2.505042324214966953e+01
4.738879609717650965e+02,-8.798354462381181573e-01,-2.535570987054923009e+01
4.804870439655128962e+02,-9.021141031060007087e-01,-2.566368158912884923e+01
4.871780218794630741e+02,-9.248990392133897842e-01,-2.597432611099669231e+01
4.939621743878320785e+02,-9.481990197635605799e-01,-2.628762979104189768e+01
5.008407989848212196e+02,-9.720228374479790157e-01,-2.660357760067777377e+01
5.078152112327670693e+02,-9.963793065529497062e-01,-2.692215310355166480e+01
5.148867450137491915e+02,-1.021277256837464176e+00,-2.724333843230855834e+01
5.220567527846975509e+02,-1.046725527185148552e+00,-2.756711426649590990e+01
5.293266058360561601e+02,-1.072732959034004452e+00,-2.789345981169874022e+01
5.366976945540476436e+02,-1.099308389588355084e+00,-2.822235277999439518e+01
5.441714286865892518e+02,-1.126460644818328749e+00,-2.855376937181644337e+01
5.517492376129123386e+02,-1.154198532252943776e+00,-2.888768425931755601e+01
5.594325706169377099e+02,-1.182530833573810281e+00,-2.922407057132067010e+01
5.672228971644543662e+02,-1.211466297017254945e+00,-2.956289987994677659e+01
5.751217071841613233e+02,-1.241013629593629597e+00,-2.990414218900716392e+01
5.831305113526224204e+02,-1.271181489133438980e+00,-3.024776592424590049e+01
5.912508413831875487e+02,-1.301978476170774002e+00,-3.059373792551656379e+01
5.994842503189408944e+02,-1.333413125675535271e+00,-3.094202344097531920e+01
6.078323128297230369e+02,-1.365493898646724436e+00,-3.129258612336884582e+01
6.162966255132942024e+02,-1.398229173580045392e+00,-3.164538802849364174e+01
6.248788072006893799e+02,-1.431627237823909438e+00,-3.200038961589837783e+01
6.335804992658247556e+02,-1.465696278838765299e+00,-3.235754975189779969e+01
6.424033659394191318e+02,-1.500444375375547423e+00,-3.271682571496185687e+01
6.513490946272802375e+02,-1.535879488589817932e+00,-3.307817320353852608e+01
6.604193962330305112e+02,-1.572009453108950794e+00,-3.344154634636412027e+01
6.696160054853222618e+02,-1.608841968070419348e+00,-3.380689771530839494e+01
6.789406812696105362e+02,-1.646384588149955031e+00,-3.417417834079567029e+01
6.883952069645496294e+02,-1.684644714598960480e+00,-3.454333772983724060e+01
6.979813907830659900e+02,-1.723629586311086204e+00,-3.491432388670200027e+01
7.077010661181889191e+02,-1.763346270938500826e+00,-3.528708333624646087e+01
7.175560918936928374e+02,-1.803801656078701576e+00,-3.566156114991640180e+01
7.275483529196225163e+02,-1.845002440553146217e+00,-3.603770097442495768e+01
7.376797602527731215e+02,-1.886955125799305577e+00,-3.641544506310376050e+01
7.479522515621821412e+02,-1.929666007397845329e+00,-3.679473430991464511e+01
7.583677914997190328e+02,-1.973141166756874343e+00,-3.717550828610179536e+01
7.689283720758313621e+02,-2.017386462975196526e+00,-3.755770527945421833e+01
7.796360130405229256e+02,-2.062407524906410661e+00,-3.794126233614012023e+01
7.904927622696420713e+02,-2.108209743445621953e+00,-3.832611530506576258e+01
8.015006961565404708e+02,-2.154798264060195478e+00,-3.871219888470170645e+01
8.126619200091945459e+02,-2.202177979585741241e+00,-3.909944667231106763e+01
8.239785684528519596e+02,-2.250353523307994763e+00,-3.948779121550501969e+01
8.354528058382862810e+02,-2.299329262350751524e+00,-3.987716406604187824e+01
8.470868266557401967e+02,-2.349109291389388066e+00,-4.026749583577789338e+01
8.588828559546249153e+02,-2.399697426708727654e+00,-4.065871625466867556e+01
8.708431497690723972e+02,-2.451097200623246319e+00,-4.105075423071308904e+01
8.829699955494091910e+02,-2.503311856276618119e+00,-4.144353791172264323e+01
8.952657125996391869e+02,-2.556344342836693428e+00,-4.183699474879268365e+01
9.077326525210223735e+02,-2.610197311100801443e+00,-4.223105156134433003e+01
9.203731996618221274e+02,-2.664873109525163208e+00,-4.262563460359956480e+01
9.331897715733239238e+02,-2.720373780691009102e+00,-4.302066963234629071e+01
9.461848194722001608e+02,-2.776701058218554063e+00,-4.341608197584432105e+01
9.593608287093146600e+02,-2.833856364138745310e+00,-4.381179660371845586e+01
9.727203192450537017e+02,-2.891840806731189595e+00,-4.420773819768086810e+01
9.862658461312820464e+02,-2.950655178835266401e+00,-4.460383122292121527e+01
1.000000000000000000e+03,-3.010299956639811647e+00,-4.500000000000000000e+01
1.013925407558814300e+03,-3.070775298955381594e+00,-4.539616877707875631e+01
1.028044732093309676e+03,-3.132081046971434191e+00,-4.579226180231913901e+01
1.042360673976401131e+03,-3.194216724499101101e+00,-4.618820339628154414e+01
1.056875971184805167e+03,-3.257181538699037038e+00,-4.658391802415572158e+01
1.071593399822671245e+03,-3.320974381291609934e+00,-4.697933036765370929e+01
1.086515774652537175e+03,-3.385593830245879232e+00,-4.737436539640041389e+01
1.101645949633656983e+03,-3.451038151941645094e+00,-4.776894843865566997e+01
1.116986818467822559e+03,-3.517305303797654936e+00,-4.816300525120729503e+01
1.132541315152812558e+03,-3.584392937357703701e+00,-4.855646208827738519e+01
1.148312414543511068e+03,-3.652298401824447094e+00,-4.894924576928691096e+01
1.164303132920875669e+03,-3.721018748030047174e+00,-4.934128374533129602e+01
1.180516528568805597e+03,-3.790550732830832548e+00,-4.973250416422210662e+01
1.196955702359042789e+03,-3.860890823912311198e+00,-5.012283593395810044e+01
1.213623798344241777e+03,-3.932035204989680732e+00,-5.051220878449501583e+01
1.230524004359261653e+03,-4.003979781387542403e+00,-5.090055332768893948e+01
1.247659552630868575e+03,-4.076720185982111389e+00,-5.128780111529827224e+01
1.265033720395903856e+03,-4.150251785487666822e+00,-5.167388469493424452e+01
1.282649830528059965e+03,-4.224569687068572499e+00,-5.205873766385985846e+01
1.300511252173409957e+03,-4.299668745257481994e+00,-5.244229472054581720e+01
1.318621401394748545e+03,-4.375543569159276558e+00,-5.282449171389821174e+01
1.336983741824945128e+03,-4.452188529920363180e+00,-5.320526569008532647e+01
1.355601785329369022e+03,-4.529597768441954386e+00,-5.358455493689624660e+01
1.374479092677536755e+03,-4.607765203315907776e+00,-5.396229902557501390e+01
1.393619274224143510e+03,-4.686684538961587876e+00,-5.433843885008364083e+01
1.413025990599533770e+03,-4.766349273941504094e+00,-5.471291666375355334e+01
1.432702953409829433e+03,-4.846752709434205109e+00,-5.508567611329797842e+01
1.452653925946781328e+03,-4.927887957842207456e+00,-5.545666227016275940e+01
1.472882723907501713e+03,-5.009747951513316977e+00,-5.582582165920430839e+01
1.493393216124253286e+03,-5.092325451553905147e+00,-5.619310228469163349e+01
1.514189325304351996e+03,-5.175613056712553117e+00,-5.655845365363587263e+01
1.535275028780421053e+03,-5.259603212313535892e+00,-5.692182679646144550e+01
1.556654359271062049e+03,-5.344288219219394342e+00,-5.728317428503813602e+01
1.578331405652116473e+03,-5.429660242802726522e+00,-5.764245024810217899e+01
1.600310313738701780e+03,-5.515711321907997622e+00,-5.799961038410165060e+01
1.622595287078087040e+03,-5.602433377784246993e+00,-5.835461197150636536e+01
1.645190587753660793e+03,-5.689818222971041450e+00,-5.870741387663113642e+01
1.668100537200059080e+03,-5.777857570119982356e+00,-5.905797655902468790e+01
1.691329517029646922e+03,-5.866543040735335168e+00,-5.940626207448340779e+01
1.714881969870540843e+03,-5.955866173818127329e+00,-5.975223407575411727e+01
1.738762400216250398e+03,-6.045818434398433361e+00,-6.009585781099283963e+01
1.762975375287203860e+03,-6.136391221942172791e+00,-6.043710012005320209e+01
1.787525525904235565e+03,-6.227575878618859306e+00,-6.077592942867933345e+01
1.812417547374235710e+03,-6.319363697418105552e+00,-6.111231574068242622e+01
1.837656200388172465e+03,-6.411745930103618818e+00,-6.144623062818357795e+01
1.863246311931559831e+03,-6.504713794993758569e+00,-6.177764722000561903e+01
1.889192776207664338e+03,-6.598258484559522685e+00,-6.210654018830123846e+01
1.915500555573527890e+03,-6.692371172830796411e+00,-6.243288573350409365e+01
1.942174681489024351e+03,-6.787043022603224784e+00,-6.275666156769140969e+01
1.969220255479173375e+03,-6.882265192438840273e+00,-6.307784689644833520e+01
1.996642450109793344e+03,-6.978028843453982333e+00,-6.339642239932223333e+01
2.024446509976801735e+03,-7.074325145889678979e+00,-6.371237020895807746e+01
2.052637752709252254e+03,-7.171145285459635588e+00,-6.402567388900331480e+01
2.081221569986337272e+03,-7.268480469472362593e+00,-6.433631841087112946e+01
2.110203428568596337e+03,-7.366321932724609667e+00,-6.464429012945076636e+01
2.139588871343421488e+03,-7.464660943163662132e+00,-6.494957675785033757e+01
2.169383518385182015e+03,-7.563488807317409801e+00,-6.525216734125869777e+01
2.199593068030074846e+03,-7.662796875491078019e+00,-6.555205223000929493e+01
2.230223297965936126e+03,-7.762576546730587168e+00,-6.584922305192786496e+01
2.261280066337279550e+03,-7.862819273553217414e+00,-6.614367268404474487e+01
2.292769312865648772e+03,-7.963516566446156020e+00,-6.643539522374790351e+01
2.324697059985650412e+03,-8.064659998135027763e+00,-6.672438595945395434e+01
2.357069413996727690e+03,-8.166241207624020504e+00,-6.701064134086807655e+01
2.389892566231048022e+03,-8.268251904010540443e+00,-6.729415894890517791e+01
2.423172794237600556e+03,-8.370683870077089139e+00,-6.757493746533842227e+01
2.456916462982790108e+03,-8.473528965663838619e+00,-6.785297664224081871e+01
2.491130026067790823e+03,-8.576779130825819664e+00,-6.812827727128281197e+01
2.525820026962784596e+03,-8.680426388778434088e+00,-6.840084115294351363e+01
2.560993100258456707e+03,-8.784462848636067633e+00,-6.867067106569426471e+01
2.596655972934872352e+03,-8.888880707948178639e+00,-6.893777073520674037e+01
2.632815465648020108e+03,-8.993672255037754582e+00,-6.920214480363702592e+01
2.669478494034323376e+03,-9.098829871147506410e+00,-6.946379879903417986e+01
2.706652070033241216e+03,-9.204346032398616373e+00,-6.972273910491747984e+01
2.744343303228362402e+03,-9.310213311567943961e+00,-6.997897293006590758e+01
2.782559402207125913e+03,-9.416424379688844937e+00,-7.023250827855883927e+01
2.821307675939470755e+03,-9.522972007481442347e+00,-7.048335392010494616e+01
2.860595535175744772e+03,-9.629849066618197284e+00,-7.073151936069433532e+01
2.900430493863991614e+03,-9.737048530830172410e+00,-7.097701481360462594e+01
2.940820170587060602e+03,-9.844563476860347606e+00,-7.121985117079132976e+01
2.981772290019673619e+03,-9.952387085269338129e+00,-7.146003997468837099e+01
3.023294684405776479e+03,-1.006051264109960286e+01,-7.169759339044352942e+01
3.065395295056529903e+03,-1.016893353440404724e+01,-7.193252417861133097e+01
3.108082173869063809e+03,-1.027764326064448497e+01,-7.216484566832242820e+01
3.151363484866476028e+03,-1.038663542096607628e+01,-7.239457173094807274e+01
3.195247505759213709e+03,-1.049590372235315527e+01,-7.262171675427497064e+01
3.239742629528195266e+03,-1.060544197767206320e+01,-7.284629561720417712e+01
3.284857366030047160e+03,-1.071524410560680352e+01,-7.306832366498670694e+01
3.330600343624588731e+03,-1.082530413049242846e+01,-7.328781668500478474e+01
3.376980310825088054e+03,-1.093561618205205654e+01,-7.350479088310858344e+01
3.424006137971425687e+03,-1.104617449504228688e+01,-7.371926286051399302e+01
3.471686818926559681e+03,-1.115697340881225941e+01,-7.393124959126757290e+01
3.520031472796682465e+03,-1.126800736678152504e+01,-7.414076840028256754e+01
3.569049345675229688e+03,-1.137927091584118244e+01,-7.434783694194779002e+01
3.618749812411276707e+03,-1.149075870568340640e+01,-7.455247317931177520e+01
3.669142378402494160e+03,-1.160246548806364331e+01,-7.475469536384130720e+01
3.720236681413065980e+03,-1.171438611599999646e+01,-7.495452201575376705e+01
3.772042493417001424e+03,-1.182651554291430429e+01,-7.515197190492145296e+01
3.824569722466999337e+03,-1.193884882171865769e+01,-7.534706403234430638e+01
3.877828414589453587e+03,-1.205138110385184369e+01,-7.553981761218778956e+01
3.931828755705770163e+03,-1.216410763826922548e+01,-7.573025205438075602e+01
3.986581073580438897e+03,-1.227702377038987258e+01,-7.591838694776788543e+01
4.042095839796309974e+03,-1.239012494100478179e+01,-7.610424204381115487e+01
4.098383671757261254e+03,-1.250340668514915876e+01,-7.628783724083253048e+01
4.155455334718871200e+03,-1.261686463094259025e+01,-7.646919256879165516e+01
4.213321743847289326e+03,-1.273049449839984248e+01,-7.664832817458983527e+01
4.271993966306776201e+03,-1.284429209821549378e+01,-7.682526430789238248e+01
4.331483223376402748e+03,-1.295825333052545325e+01,-7.700002130746078421e+01
4.391800892596085760e+03,-1.307237418364771919e+01,-7.717261958798516730e+01
4.452958509942651290e+03,-1.318665073280549649e+01,-7.734307962740814446e+01
4.514967772036101451e+03,-1.330107913883476911e+01,-7.751142195472992569e+01
4.577840538376616678e+03,-1.341565564687889456e+01,-7.767766713828513048e+01
4.641588833612781855e+03,-1.353037658507258456e+01,-7.784183577448115443e+01
4.706224849841281866e+03,-1.364523836321710881e+01,-7.800394847698763101e+01
4.771760948938740512e+03,-1.376023747144911447e+01,-7.816402586636694139e+01
4.838209664925957441e+03,-1.387537047890468322e+01,-7.832208856013491527e+01
4.905583706365045146e+03,-1.399063403238050718e+01,-7.847815716324149093e+01
4.973895958790068107e+03,-1.410602485499415870e+01,-7.863225225896067627e+01
5.043159487171358705e+03,-1.422153974484451666e+01,-7.878439440017899642e+01
5.113387538414321170e+03,-1.433717557367447171e+01,-7.893460410107226721e+01
5.184593543892912749e+03,-1.445292928553685030e+01,-7.908290182915963840e+01
5.256791122018418719e+03,-1.456879789546504966e+01,-7.922930799772476007e+01
5.329994080844093332e+03,-1.468477848814978870e+01,-7.937384295859359895e+01
5.404216420705914970e+03,-1.480086821662276186e+01,-7.951652699525816104e+01
5.479472336900281334e+03,-1.491706430094868097e+01,-7.965738031633651417e+01
5.555776222398877508e+03,-1.503336402692636042e+01,-7.979642304935838126e+01
5.633142670601351711e+03,-1.514976474479988156e+01,-7.993367523486645609e+01
5.711586478126434486e+03,-1.526626386798092305e+01,-8.006915682082386354e+01
5.791122647641758704e+03,-1.538285887178255251e+01,-8.020288765731739034e+01
5.871766390733249864e+03,-1.549954729216573313e+01,-8.033488749154763298e+01
5.953533130814370452e+03,-1.561632672449882620e+01,-8.046517596309597309e+01
6.036438506075864098e+03,-1.573319482233076272e+01,-8.059377259945959793e+01
6.120498372476702571e+03,-1.585014929617871537e+01,-8.072069681184525791e+01
6.205728806776500278e+03,-1.596718791233026025e+01,-8.084596789121286520e+01
6.292146109610337589e+03,-1.608430849166099819e+01,-8.096960500456027887e+01
6.379766808606282211e+03,-1.620150890846761982e+01,-8.109162719144079290e+01
6.468607661546320742e+03,-1.631878708931695954e+01,-8.121205336070480030e+01
6.558685659571435281e+03,-1.643614101191143106e+01,-8.133090228745768968e+01
6.650018030431117950e+03,-1.655356870397080016e+01,-8.144819261022587398e+01
6.742622241778335592e+03,-1.667106824213093574e+01,-8.156394282832324905e+01
6.836516004510238417e+03,-1.678863775085938315e+01,-8.167817129941066412e+01
6.931717276155400214e+03,-1.690627540138804008e+01,-8.179089623724046021e+01
7.028244264308352285e+03,-1.702397941066325160e+01,-8.190213570957990896e+01
7.126115430111745809e+03,-1.714174804031302557e+01,-8.201190763630556546e+01
7.225349491787206716e+03,-1.725957959563185184e+01,-8.212022978766218273e+01
7.325965428215230531e+03,-1.737747242458291197e+01,-8.222711978267980726e+01
7.427982482564911152e+03,-1.749542491681766876e+01,-8.233259508774217750e+01
7.531420165974375777e+03,-1.761343550271319458e+01,-8.243667301530054203e+01
7.636298261282241583e+03,-1.773150265242661305e+01,-8.253937072272661624e+01
7.742636826811277388e+03,-1.784962487496729722e+01,-8.264070521129922042e+01
7.850456200204509514e+03,-1.796780071728605321e+01,-8.274069332531833254e+01
7.959777002314977835e+03,-1.808602876338191123e+01,-8.283935175134153894e+01
8.070620141149507617e+03,-1.820430763342584157e+01,-8.293669701753744050e+01
8.183006815867389378e+03,-1.832263598290155215e+01,-8.303274549315071340e+01
8.296958520834914452e+03,-1.844101250176336393e+01,-8.312751338807390766e+01
8.412497049736119152e+03,-1.855943591361064549e+01,-8.322101675252130804e+01
8.529644499741016261e+03,-1.867790497487910173e+01,-8.331327147679991185e+01
8.648423275731725880e+03,-1.879641847404841570e+01,-8.340429329117348800e+01
8.768856094587426924e+03,-1.891497523086615118e+01,-8.349409776581440212e+01
8.890965989529167928e+03,-1.903357409558796931e+01,-8.358270031084047957e+01
9.014776314524917325e+03,-1.915221394823355183e+01,-8.367011617643127863e+01
9.140310748756222893e+03,-1.927089369785848305e+01,-8.375636045302117338e+01
9.267593301146882368e+03,-1.938961228184154351e+01,-8.384144807156440038e+01
9.396648314954691159e+03,-1.950836866518732649e+01,-8.392539380386921266e+01
9.527500472427300338e+03,-1.962716183984415963e+01,-8.400821226299740374e+01
9.660174799522645117e+03,-1.974599082403667083e+01,-8.408991790372543562e+01
9.794696670695386274e+03,-1.986485466161333235e+01,-8.417052502306452766e+01
9.931091813749801076e+03,-1.998375242140826913e+01,-8.425004776083618196e+01
1.006938631476027149e+04,-2.010268319661733116e+01,-8.432850010030009003e+01
1.020960662306047561e+04,-2.022164610418838038e+01,-8.440589586883199047e+01
1.035177955630176257e+04,-2.034064028422505999e+01,-8.448224873864789686e+01
1.049593230558226605e+04,-2.045966489940440880e+01,-8.455757222757287650e+01
1.064209244064724589e+04,-2.057871913440764189e+01,-8.463187969985114023e+01
1.079028791516183628e+04,-2.069780219536401233e+01,-8.470518436699535414e+01
1.094054707205743580e+04,-2.081691330930767947e+01,-8.477749928867243057e+01
1.109289864895222854e+04,-2.093605172364701872e+01,-8.484883737362406464e+01
1.124737178364750798e+04,-2.105521670564652936e+01,-8.491921138061925944e+01
1.140399601970033109e+04,-2.117440754192075048e+01,-8.498863391943696399e+01
1.156280131207375416e+04,-2.129362353794014595e+01,-8.505711745187697659e+01
1.172381803286599825e+04,-2.141286401754879876e+01,-8.512467429279686826e+01
1.188707697711903347e+04,-2.153212832249342767e+01,-8.519131661117319254e+01
1.205260936870841397e+04,-2.165141581196382248e+01,-8.525705643118547528e+01
1.222044686631488730e+04,-2.177072586214420014e+01,-8.532190563332071065e+01
1.239062156947915719e+04,-2.189005786577531509e+01,-8.538587595549724085e+01
1.256316602474121464e+04,-2.200941123172738045e+01,-8.544897899420632825e+01
1.273811323186478512e+04,-2.212878538458308597e+01,-8.551122620566967214e+01
1.291549665014882703e+04,-2.224817976423097221e+01,-8.557262890701191793e+01
1.309535020482667642e+04,-2.236759382546866703e+01,-8.563319827744629720e+01
1.327770829355429123e+04,-2.248702703761576771e+01,-8.569294535947243219e+01
1.346260579298911034e+04,-2.260647888413644324e+01,-8.575188106008502587e+01
1.365007806546013853e+04,-2.272594886227112454e+01,-8.581001615199193111e+01
1.384016096573130199e+04,-2.284543648267750626e+01,-8.586736127484101644e+01
1.403289084785873092e+04,-2.296494126908034161e+01,-8.592392693645422241e+01
1.422830457214351918e+04,-2.308446275792991287e+01,-8.597972351406808400e+01
1.442643951218158873e+04,-2.320400049806922027e+01,-8.603476125557956777e+01
1.462733356201129936e+04,-2.332355405040922847e+01,-8.608905028079651345e+01
1.483102514336102831e+04,-2.344312298761252578e+01,-8.614260058269152864e+01
1.503755321299738353e+04,-2.356270689378477101e+01,-8.619542202865852687e+01
1.524695727017572972e+04,-2.368230536417389231e+01,-8.624752436177126924e+01
1.545927736419478606e+04,-2.380191800487708775e+01,-8.629891720204312833e+01
1.567455410205595035e+04,-2.392154443255496332e+01,-8.634961004768712201e+01
1.589282865622976351e+04,-2.404118427415319914e+01,-8.639961227637556362e+01
1.611414277253019827e+04,-2.416083716663112924e+01,-8.644893314649914373e+01
1.633853877809860387e+04,-2.428050275669720293e+01,-8.649758179842397965e+01
1.656605958949915293e+04,-2.440018070055139177e+01,-8.654556725574687448e+01
1.679674872092653095e+04,-2.451987066363395940e+01,-8.659289842654763447e+01
1.703065029252842578e+04,-2.463957232038087142e+01,-8.663958410463827420e+01
1.726780903884355939e+04,-2.475928535398534081e+01,-8.668563297080841323e+01
1.750827031735723358e+04,-2.487900945616552661e+01,-8.673105359406636694e+01
1.775208011717635964e+04,-2.499874432693833626e+01,-8.677585443287583189e+01
1.799928506782476325e+04,-2.511848967439887303e+01,-8.682004383638712852e+01
1.824993244816150400e+04,-2.523824521450576697e+01,-8.686363004566321422e+01
1.850407019542302078e+04,-2.535801067087197680e+01,-8.690662119489978465e+01
1.876174691439119488e+04,-2.547778577456092819e+01,-8.694902531263907974e+01
1.902301188668945906e+04,-2.559757026388818701e+01,-8.699085032297716680e+01
1.928791508020777837e+04,-2.571736388422797148e+01,-8.703210404676457301e+01
1.955650715865947132e+04,-2.583716638782503239e+01,-8.707279420279938620e+01
1.982883949127071537e+04,-2.595697753361118743e+01,-8.711292840901332113e+01
2.010496416260497062e+04,-2.607679708702667654e+01,-8.715251418364989888e+01
2.038493398252464249e+04,-2.619662481984639868e+01,-8.719155894643488125e+01
2.066880249629082027e+04,-2.631646051001035147e+01,-8.723007001973833496e+01
2.095662399480430759e+04,-2.643630394145887763e+01,-8.726805462972869520e+01
2.124845352498882858e+04,-2.655615490397194023e+01,-8.730551990751808944e+01
2.154434690031882201e+04,-2.667601319301272156e+01,-8.734247289029900685e+01
2.184436071149428244e+04,-2.679587860957544976e+01,-8.737892052247227070e+01
2.214855233726359438e+04,-2.691575096003699130e+01,-8.741486965676573107e+01
2.245697995539771728e+04,-2.703563005601258951e+01,-8.745032705534420359e+01
2.276970255381679817e+04,-2.715551571421527655e+01,-8.748529939090978758e+01
2.308677994187167496e+04,-2.727540775631894121e+01,-8.751979324779310332e+01
2.340827276178294414e+04,-2.739530600882523004e+01,-8.755381512303492286e+01
2.373424250023866261e+04,-2.751521030293368852e+01,-8.758737142745823689e+01
2.406475150015421605e+04,-2.763512047441559361e+01,-8.762046848673078614e+01
2.439986297259550338e+04,-2.775503636349098713e+01,-8.765311254241785832e+01
2.473964100886811502e+04,-2.787495781470889966e+01,-8.768530975302519437e+01
2.508415059277541150e+04,-2.799488467683101689e+01,-8.771706619503231650e+01
2.543345761304648113e+04,-2.811481680271810646e+01,-8.774838786391576662e+01
2.578762887593803680e+04,-2.823475404921974885e+01,-8.777928067516251076e+01
2.614673211801092111e+04,-2.835469627706675411e+01,-8.780975046527359495e+01
2.651083601908536366e+04,-2.847464335076666941e+01,-8.783980299275746972e+01
2.688001021537607448e+04,-2.859459513850191570e+01,-8.786944393911370810e+01
2.725432531281027696e+04,-2.871455151203062073e+01,-8.789867890980657705e+01
2.763385290053172503e+04,-2.883451234659029083e+01,-8.792751343522864715e+01
2.801866556459195272e+04,-2.895447752080377057e+01,-8.795595297165432669e+01
2.840883690183301223e+04,-2.907444691658797709e+01,-8.798400290218363295e+01
2.880444153396297770e+04,-2.919442041906492946e+01,-8.801166853767587384e+01
2.920555512182745224e+04,-2.931439791647510162e+01,-8.803895511767321125e+01
2.961225437988037447e+04,-2.943437930009331183e+01,-8.806586781131468911e+01
3.002461709085549228e+04,-2.955436446414658747e+01,-8.809241171823998684e+01
3.044272212064299674e+04,-2.967435330573447061e+01,-8.811859186948358058e+01
3.086664943337274599e+04,-2.979434572475132370e+01,-8.814441322835880044e+01
3.129648010670750591e+04,-2.991434162381068518e+01,-8.816988069133232386e+01
3.173229634734979481e+04,-3.003434090817182067e+01,-8.819499908888883510e+01
3.217418150676371442e+04,-3.015434348566803635e+01,-8.821977318638582233e+01
3.262222009711666396e+04,-3.027434926663710968e+01,-8.824420768489893874e+01
3.307649780744242162e+04,-3.039435816385345390e+01,-8.826830722205760082e+01
3.353710152002928953e+04,-3.051437009246209087e+01,-8.829207637287105115e+01
3.400411932703709317e+04,-3.063438496991459203e+01,-8.831551965054488562e+01
3.447764054734464298e+04,-3.075440271590645835e+01,-8.833864150728811637e+01
3.495775574363271880e+04,-3.087442325231643991e+01,-8.836144633511096913e+01
3.544455673970435600e+04,-3.099444650314734062e+01,-8.838393846661313091e+01
3.593813663804625685e+04,-3.111447239446841451e+01,-8.840612217576286014e+01
3.643858983763548167e+04,-3.123450085435943180e+01,-8.842800167866690231e+01
3.694601205199302058e+04,-3.135453181285608082e+01,-8.844958113433115443e+01
3.746050032748989179e+04,-3.147456520189703255e+01,-8.847086464541237660e+01
3.798215306190736010e+04,-3.159460095527228418e+01,-8.849185625896076601e+01
3.851107002325569192e+04,-3.171463900857288820e+01,-8.851255996715374863e+01
3.904735236885563791e+04,-3.183467929914221983e+01,-8.853297970802086070e+01
3.959110266468458576e+04,-3.195472176602827830e+01,-8.855311936615964896e+01
4.014242490499317501e+04,-3.207476634993759035e+01,-8.857298277344317228e+01
4.070142453219438903e+04,-3.219481299319008372e+01,-8.859257370971862144e+01
4.126820845702951920e+04,-3.231486163967532121e+01,-8.861189590349746936e+01
4.184288507901584671e+04,-3.243491223480991437e+01,-8.863095303263716573e+01
4.242556430717777403e+04,-3.255496472549600639e+01,-8.864974872501430525e+01
4.301635758106790308e+04,-3.267501906008100576e+01,-8.866828655918952506e+01
4.361537789208005415e+04,-3.279507518831832158e+01,-8.868657006506414575e+01
4.422273980505896907e+04,-3.291513306132907246e+01,-8.870460272452866946e+01
4.483855948021190852e+04,-3.303519263156509567e+01,-8.872238797210307837e+01
4.546295469532399147e+04,-3.315525385277262416e+01,-8.873992919556916092e+01
4.609604486828429071e+04,-3.327531667995729237e+01,-8.875722973659495096e+01
4.673795107992463454e+04,-3.339538106934976724e+01,-8.877429289135118040e+01
4.738879609717651329e+04,-3.351544697837252329e+01,-8.879112191112001540e+01
4.804870439655133669e+04,-3.363551436560745600e+01,-8.880772000289614709e+01
4.871780218794631219e+04,-3.375558319076431246e+01,-8.882409032998015164e+01
4.939621743878315465e+04,-3.387565341465009539e+01,-8.884023601256430425e+01
5.008407989848212310e+04,-3.399572499913921320e+01,-8.885616012831100363e+01
5.078152112327670329e+04,-3.411579790714440463e+01,-8.887186571292376414e+01
5.148867450137497508e+04,-3.423587210258860125e+01,-8.888735576071091771e+01
5.220567527846975281e+04,-3.435594755037732995e+01,-8.890263322514194044e+01
5.293266058360556053e+04,-3.447602421637211734e+01,-8.891770101939694371e+01
5.366976945540476299e+04,-3.459610206736441995e+01,-8.893256201690876139e+01
5.441714286865887698e+04,-3.471618107105030759e+01,-8.894721905189820177e+01
5.517492376129128388e+04,-3.483626119600592119e+01,-8.896167491990239284e+01
5.594325706169377372e+04,-3.495634241166344225e+01,-8.897593237829623547e+01
5.672228971644537523e+04,-3.507642468828790072e+01,-8.898999414680710629e+01
5.751217071841613506e+04,-3.519650799695447319e+01,-8.900386290802285316e+01
5.831305113526218338e+04,-3.531659230952634942e+01,-8.901754130789318253e+01
5.912508413831880898e+04,-3.543667759863347300e+01,-8.903103195622468036e+01
5.994842503189409035e+04,-3.555676383765145943e+01,-8.904433742716898337e+01
6.078323128297223593e+04,-3.567685100068149495e+01,-8.905746025970505286e+01
6.162966255132942024e+04,-3.579693906253048397e+01,-8.907040295811474095e+01
6.248788072006888251e+04,-3.591702799869180751e+01,-8.908316799245231721e+01
6.335804992658254196e+04,-3.603711778532675680e+01,-8.909575779900775672e+01
6.424033659394190909e+04,-3.615720839924619412e+01,-8.910817478076405962e+01
6.513490946272796282e+04,-3.627729981789303082e+01,-8.912042130784840310e+01
6.604193962330305658e+04,-3.639739201932493273e+01,-8.913249971797742432e+01
6.696160054853215115e+04,-3.651748498219750871e+01,-8.914441231689660583e+01
6.789406812696112320e+04,-3.663757868574820975e+01,-8.915616137881394820e+01
6.883952069645495794e+04,-3.675767310978030622e+01,-8.916774914682768838e+01
6.979813907830652897e+04,-3.687776823464761833e+01,-8.917917783334867465e+01
7.077010661181889009e+04,-3.699786404123942418e+01,-8.919044962051687264e+01
7.175560918936920643e+04,-3.711796051096591498e+01,-8.920156666061245687e+01
7.275483529196232848e+04,-3.723805762574404099e+01,-8.921253107646147384e+01
7.376797602527731215e+04,-3.735815536798360625e+01,-8.922334496183606234e+01
7.479522515621813363e+04,-3.747825372057398141e+01,-8.923401038184934464e+01
7.583677914997190237e+04,-3.759835266687095157e+01,-8.924452937334518765e+01
7.689283720758305572e+04,-3.771845219068399757e+01,-8.925490394528249283e+01
7.796360130405236850e+04,-3.783855227626402495e+01,-8.926513607911472548e+01
7.904927622696419712e+04,-3.795865290829121363e+01,-8.927522772916407234e+01
8.015006961565413803e+04,-3.807875407186347871e+01,-8.928518082299076752e+01
8.126619200091945822e+04,-3.819885575248490994e+01,-8.929499726175744456e+01
8.239785684528511774e+04,-3.831895793605485778e+01,-8.930467892058852897e+01
8.354528058382871677e+04,-3.843906060885711184e+01,-8.931422764892505484e+01
8.470868266557402967e+04,-3.855916375754935643e+01,-8.932364527087439399e+01
8.588828559546258475e+04,-3.867926736915312347e+01,-8.933293358555560815e+01
8.708431497690723336e+04,-3.879937143104371700e+01,-8.934209436743994104e+01
8.829699955494083406e+04,-3.891947593094072033e+01,-8.935112936668690509e+01
8.952657125996401010e+04,-3.903958085689853874e+01,-8.936004030947573540e+01
9.077326525210223917e+04,-3.915968619729723343e+01,-8.936882889833246679e+01
9.203731996618230187e+04,-3.927979194083376768e+01,-8.937749681245253441e+01
9.331897715733238147e+04,-3.939989807651323162e+01,-8.938604570801912530e+01
9.461848194721991604e+04,-3.952000459364056439e+01,-8.939447721851720985e+01
9.593608287093146646e+04,-3.964011148181234034e+01,-8.940279295504326740e+01
9.727203192450536881e+04,-3.976021873090874692e+01,-8.941099450661096171e+01
9.862658461312830332e+04,-3.988032633108598901e+01,-8.941908344045258161e+01
1.000000000000000000e+05,-4.000043427276862928e+01,-8.942706130231653106e+01
